REM   Script: 2024-07-08-연습문제.sql
REM   2024-07-08.sql - 연습문제

REM   Script: install-emp-dept-salgrade


REM   install-emp-dept-salgrade


REM   Script: Session-Install emp and dept


REM   Session-Install emp and dept


create table dept(   
  deptno     number(2,0),   
  dname      varchar2(14),   
  loc        varchar2(13),   
  constraint pk_dept primary key (deptno)   
);

create table emp(   
  empno    number(4,0),   
  ename    varchar2(10),   
  job      varchar2(9),   
  mgr      number(4,0),   
  hiredate date,   
  sal      number(7,2),   
  comm     number(7,2),   
  deptno   number(2,0),   
  constraint pk_emp primary key (empno),   
  constraint fk_deptno foreign key (deptno) references dept (deptno)   
);

insert into DEPT (DEPTNO, DNAME, LOC) 
values(10, 'ACCOUNTING', 'NEW YORK');

insert into dept   
values(20, 'RESEARCH', 'DALLAS');

insert into dept   
values(30, 'SALES', 'CHICAGO');

insert into dept  
values(40, 'OPERATIONS', 'BOSTON');

insert into emp   
values(   
 7839, 'KING', 'PRESIDENT', null,   
 to_date('17-11-1981','dd-mm-yyyy'),   
 5000, null, 10   
);

insert into emp  
values(  
 7698, 'BLAKE', 'MANAGER', 7839,  
 to_date('1-5-1981','dd-mm-yyyy'),  
 2850, null, 30  
);

insert into emp  
values(  
 7782, 'CLARK', 'MANAGER', 7839,  
 to_date('9-6-1981','dd-mm-yyyy'),  
 2450, null, 10  
);

insert into emp  
values(  
 7566, 'JONES', 'MANAGER', 7839,  
 to_date('2-4-1981','dd-mm-yyyy'),  
 2975, null, 20  
);

insert into emp  
values(  
 7788, 'SCOTT', 'ANALYST', 7566,  
 to_date('13-JUL-87','dd-mm-rr') - 85,  
 3000, null, 20  
);

insert into emp  
values(  
 7902, 'FORD', 'ANALYST', 7566,  
 to_date('3-12-1981','dd-mm-yyyy'),  
 3000, null, 20  
);

insert into emp  
values(  
 7369, 'SMITH', 'CLERK', 7902,  
 to_date('17-12-1980','dd-mm-yyyy'),  
 800, null, 20  
);

insert into emp  
values(  
 7499, 'ALLEN', 'SALESMAN', 7698,  
 to_date('20-2-1981','dd-mm-yyyy'),  
 1600, 300, 30  
);

insert into emp  
values(  
 7521, 'WARD', 'SALESMAN', 7698,  
 to_date('22-2-1981','dd-mm-yyyy'),  
 1250, 500, 30  
);

insert into emp  
values(  
 7654, 'MARTIN', 'SALESMAN', 7698,  
 to_date('28-9-1981','dd-mm-yyyy'),  
 1250, 1400, 30  
);

insert into emp  
values(  
 7844, 'TURNER', 'SALESMAN', 7698,  
 to_date('8-9-1981','dd-mm-yyyy'),  
 1500, 0, 30  
);

insert into emp  
values(  
 7876, 'ADAMS', 'CLERK', 7788,  
 to_date('13-JUL-87', 'dd-mm-rr') - 51,  
 1100, null, 20  
);

insert into emp  
values(  
 7900, 'JAMES', 'CLERK', 7698,  
 to_date('3-12-1981','dd-mm-yyyy'),  
 950, null, 30  
);

insert into emp  
values(  
 7934, 'MILLER', 'CLERK', 7782,  
 to_date('23-1-1982','dd-mm-yyyy'),  
 1300, null, 10  
);

select ename, dname, job, empno, hiredate, loc   
from emp, dept   
where emp.deptno = dept.deptno   
order by ename;

select dname, count(*) count_of_employees 
from dept, emp 
where dept.deptno = emp.deptno 
group by DNAME 
order by 2 desc;

DESC EMP


SELECT * FROM EMP;

DESC EMP 


CREATE TABLE DUMMY (DUMMY NUMBER);

INSERT INTO DUMMY VALUES (0);

CREATE TABLE salgrade ( 
  grade NUMBER, 
  losal NUMBER, 
  hisal NUMBER 
);

INSERT INTO salgrade VALUES (1, 700, 1200);

INSERT INTO salgrade VALUES (2, 1201, 1400);

INSERT INTO salgrade VALUES (3, 1401, 2000);

INSERT INTO salgrade VALUES (4, 2001, 3000);

INSERT INTO salgrade VALUES (5, 3001, 9999);

SELECT SUBSTR(ENAME, 1, 2) 
FROM EMP;

SELECT SUBSTR(ENAME, 1, 2) + LPAD(SUBSTR(ENAME, 3), '*') 
FROM EMP;

SELECT (SUBSTR(ENAME, 1, 2) + LPAD(SUBSTR(ENAME, 3), '*')) 
FROM EMP;

SELECT (LPAD(SUBSTR(ENAME, 3), '*')) 
FROM EMP;

SELECT SUBSTR(ENAME, 1, 2) + REPLACE(SUBSTR(ENAME, 3), SUBSTR(ENAME, 3), '8')) 
FROM EMP;

SELECT SUBSTR(ENAME, 1, 2) || REPLACE(SUBSTR(ENAME, 3), SUBSTR(ENAME, 3), '*') 
FROM EMP;

SELECT SUBSTR(ENAME, 1, 2) || REPLACE(SUBSTR(ENAME, 3), SUBSTR(ENAME, 3), '*') 
FROM EMP;

SELECT SUBSTR(ENAME, 1, 2) || REPLACE(SUBSTR(ENAME, 3), SUBSTR(ENAME, 3), '*') AS RESULT 
FROM EMP;

SELECT SUBSTR(ENAME, 1, 2) || REPLACE(SUBSTR(ENAME, 3), SUBSTR(ENAME, 3), '*') AS RESULT 
FROM EMP;

SELECT SUBSTR(ENAME, 1, 2) || LPAD(SUBSTR(ENAME, 3), LENGTH(SUBSTR(ENAME, 3)), '*') AS MASKED_ENAME 
FROM EMP;

SELECT SUBSTR(ENAME, 1, 2) || REPLACE(SUBSTR(ENAME, 3), SUBSTR(ENAME, 3), '*') AS RESULT 
FROM EMP;

SELECT SUBSTR(ENAME, 1, 2) || LPAD(SUBSTR('*', LENGTH(SUBSTR(ENAME, 3)), '*') AS MASKED_ENAME 
FROM EMP;

SELECT SUBSTR(ENAME, 1, 2) || REPLACE(SUBSTR(ENAME, 3), SUBSTR(ENAME, 3), '*') AS RESULT 
FROM EMP;

SELECT SUBSTR(ENAME, 1, 2) || LPAD('*', LENGTH(SUBSTR(ENAME, 3)), '*') AS RESULT 
FROM EMP;

SELECT SUBSTR(ENAME, 1, 2) || LPAD('*', LENGTH(SUBSTR(ENAME, 3)), '*') AS RESULT 
FROM EMP;

SELECT SUBSTR(ENAME, 1, 2) || '*'*SUBSTR(ENAME, 3) AS RESULT 
FROM EMP;

SELECT HIREDATE FROM EMP;

SELECT  
    CASE 
        WHEN TO_NUMBER(TO_CHAR(HIREDATE, 'DD')) < 16 THEN 
            TO_CHAR(TRUNC(HIREDATE, 'MM'), 'YYYY-MM-DD') 
        WHEN TO_NUMBER(TO_CHAR(HIREDATE, 'DD')) >= 16 THEN 
            TO_CHAR(ADD_MONTHS(TRUNC(HIREDATE, 'MM'), 1), 'YYYY-MM-DD') 
    END AS RESULT 
FROM EMP;

SELECT COMM, 
	CASE COMMISION 
		WHEN COMM = null THEN COMMISION = '대기발령' 
		ELSE COMMISION = COMM 
	END AS COMMISION 
FROM EMP;

SELECT COMM, NVL(COMM, '대기발령') AS COMMISION 
FROM EMP;

SELECT COMM, NVL(COMM, '대기발령') AS "COMMISION" 
FROM EMP;

SELECT  
    CASE 
        WHEN TO_NUMBER(TO_CHAR(HIREDATE, 'DD')) < 16 THEN 
            TO_CHAR(TRUNC(HIREDATE, 'MM'), 'YYYY-MM-DD') 
        WHEN TO_NUMBER(TO_CHAR(HIREDATE, 'DD')) >= 16 THEN 
            TO_CHAR(ADD_MONTHS(TRUNC(HIREDATE, 'MM'), 1), 'YYYY-MM-DD') 
    END AS RESULT 
FROM EMP;

SELECT COMM, NVL(COMM, '대기발령') AS COMMISION 
FROM EMP;

SELECT COMM, NVL(COMM, "대기발령") AS COMMISION 
FROM EMP;

SELECT COMM, NVL(COMM, '대기발령') AS COMMISSION 
FROM EMP;

SELECT COMM, NVL(TO_CHAR(COMM), '대기발령') AS COMMISSION 
FROM EMP;

SELECT SUBSTR(HIREDATE, 8), COUNT(JOB) 
FROM EMP 
GROUP BY SUBSTR(HIREDATE, 8);

SELECT SUBSTR(HIREDATE, 8) AS '입사일', COUNT(JOB) 
FROM EMP 
GROUP BY SUBSTR(HIREDATE, 8);

SELECT SUBSTR(HIREDATE, 8) AS "입사일", COUNT(JOB) 
FROM EMP 
GROUP BY SUBSTR(HIREDATE, 8);

SELECT SUBSTR(ENAME, 1, 2) || LPAD('*', LENGTH(SUBSTR(ENAME, 3)), '*') AS RESULT 
FROM EMP;

SELECT  
    CASE 
    	WHEN SUBSTR(HIREDATE, 1, 2) < 16 THEN  
    	WHEN SUBSTR(HIREDATE, 1, 2) > 16 THEN 
    END AS RESULT 
FROM EMP;

SELECT  
    CASE 
        WHEN TO_NUMBER(TO_CHAR(HIREDATE, 'DD')) < 16 THEN 
            TO_CHAR(TRUNC(HIREDATE, 'MM'), 'YYYY-MM-DD') 
        WHEN TO_NUMBER(TO_CHAR(HIREDATE, 'DD')) >= 16 THEN 
            TO_CHAR(ADD_MONTHS(TRUNC(HIREDATE, 'MM'), 1), 'YYYY-MM-DD') 
    END AS RESULT 
FROM EMP;

SELECT COMM, NVL(TO_CHAR(COMM), '대기발령') AS COMMISSION 
FROM EMP;

SELECT SUBSTR(HIREDATE, 8) AS "입사일", COUNT(JOB), COUNT(JOB = 'CLERK') 
FROM EMP 
GROUP BY SUBSTR(HIREDATE, 8) 
 
 
;

SELECT SUBSTR(HIREDATE, 8) AS "입사일", COUNT(JOB), COUNT(JOB = 'CLERK') 
FROM EMP 
GROUP BY SUBSTR(HIREDATE, 8);

SELECT SUBSTR(HIREDATE, 8) AS "입사일",  
    SUM(CASE WHEN JOB = 'CLERK' THEN 1 ELSE 0 END) AS CLERK, 
    SUM(CASE WHEN JOB = 'SALESMAN' THEN 1 ELSE 0 END) AS SALESMAN, 
	SUM(CASE WHEN JOB = 'MANAGER' THEN 1 ELSE 0 END) AS MANAGER, 
	SUM(CASE WHEN JOB = 'PRESIDENT' THEN 1 ELSE 0 END) AS PRESIDENT, 
	SUM(CASE WHEN JOB = 'ANALYSITS' THEN 1 ELSE 0 END) AS ANALYSITS, 
    COUNT(JOB), 
FROM EMP 
GROUP BY SUBSTR(HIREDATE, 8);

SELECT COMM, NVL(TO_CHAR(COMM), '대기발령') AS COMMISSION 
FROM EMP;

SELECT SUBSTR(HIREDATE, 8) AS "입사일",  
    SUM(CASE WHEN JOB = 'CLERK' THEN 1 ELSE 0 END) AS CLERK, 
    SUM(CASE WHEN JOB = 'SALESMAN' THEN 1 ELSE 0 END) AS SALESMAN, 
	SUM(CASE WHEN JOB = 'MANAGER' THEN 1 ELSE 0 END) AS MANAGER, 
	SUM(CASE WHEN JOB = 'PRESIDENT' THEN 1 ELSE 0 END) AS PRESIDENT, 
	SUM(CASE WHEN JOB = 'ANALYSITS' THEN 1 ELSE 0 END) AS ANALYSITS, 
    COUNT(JOB), 
FROM EMP 
GROUP BY SUBSTR(HIREDATE, 8);

SELECT SUBSTR(HIREDATE, 8) AS "입사일", JOB 
 --    SUM(CASE WHEN JOB = 'CLERK' THEN 1 ELSE 0 END) AS CLERK, 
 --    SUM(CASE WHEN JOB = 'SALESMAN' THEN 1 ELSE 0 END) AS SALESMAN, 
	-- SUM(CASE WHEN JOB = 'MANAGER' THEN 1 ELSE 0 END) AS MANAGER, 
	-- SUM(CASE WHEN JOB = 'PRESIDENT' THEN 1 ELSE 0 END) AS PRESIDENT, 
	-- SUM(CASE WHEN JOB = 'ANALYSITS' THEN 1 ELSE 0 END) AS ANALYSITS, 
 --    COUNT(JOB) 
FROM EMP 
GROUP BY SUBSTR(HIREDATE, 8);

SELECT SUBSTR(HIREDATE, 8) AS "입사일", JOB 
 --    SUM(CASE WHEN JOB = 'CLERK' THEN 1 ELSE 0 END) AS CLERK, 
 --    SUM(CASE WHEN JOB = 'SALESMAN' THEN 1 ELSE 0 END) AS SALESMAN, 
	-- SUM(CASE WHEN JOB = 'MANAGER' THEN 1 ELSE 0 END) AS MANAGER, 
	-- SUM(CASE WHEN JOB = 'PRESIDENT' THEN 1 ELSE 0 END) AS PRESIDENT, 
	-- SUM(CASE WHEN JOB = 'ANALYSITS' THEN 1 ELSE 0 END) AS ANALYSITS, 
 --    COUNT(JOB) 
FROM EMP;

SELECT SUBSTR(HIREDATE, 8) AS "입사일", JOB 
    SUM(CASE WHEN JOB = 'CLERK' THEN 1 ELSE 0 END) AS CLERK, 
    SUM(CASE WHEN JOB = 'SALESMAN' THEN 1 ELSE 0 END) AS SALESMAN, 
	SUM(CASE WHEN JOB = 'MANAGER' THEN 1 ELSE 0 END) AS MANAGER, 
	SUM(CASE WHEN JOB = 'PRESIDENT' THEN 1 ELSE 0 END) AS PRESIDENT, 
	SUM(CASE WHEN JOB = 'ANALYST' THEN 1 ELSE 0 END) AS ANALYST, 
    COUNT(JOB) 
FROM EMP 
GROUP BY SUBSTR(HIREDATE, 8);

SELECT SUBSTR(HIREDATE, 8) AS "입사일", JOB 
    SUM(CASE WHEN JOB = 'CLERK' THEN 1 ELSE 0 END) AS CLERK, 
 --    SUM(CASE WHEN JOB = 'SALESMAN' THEN 1 ELSE 0 END) AS SALESMAN, 
	-- SUM(CASE WHEN JOB = 'MANAGER' THEN 1 ELSE 0 END) AS MANAGER, 
	-- SUM(CASE WHEN JOB = 'PRESIDENT' THEN 1 ELSE 0 END) AS PRESIDENT, 
	-- SUM(CASE WHEN JOB = 'ANALYST' THEN 1 ELSE 0 END) AS ANALYST, 
    COUNT(JOB) 
FROM EMP 
GROUP BY SUBSTR(HIREDATE, 8);

SELECT SUBSTR(HIREDATE, 8) AS "입사일", JOB 
    SUM(CASE WHEN JOB = 'CLERK' THEN 1 ELSE 0 END) AS CLERK, 
 --    SUM(CASE WHEN JOB = 'SALESMAN' THEN 1 ELSE 0 END) AS SALESMAN, 
	-- SUM(CASE WHEN JOB = 'MANAGER' THEN 1 ELSE 0 END) AS MANAGER, 
	-- SUM(CASE WHEN JOB = 'PRESIDENT' THEN 1 ELSE 0 END) AS PRESIDENT, 
	-- SUM(CASE WHEN JOB = 'ANALYST' THEN 1 ELSE 0 END) AS ANALYST, 
    -- COUNT(JOB) 
FROM EMP 
GROUP BY SUBSTR(HIREDATE, 8);

    SUM(CASE WHEN JOB = 'CLERK' THEN 1 ELSE 0 END) AS CLERK, 


FROM EMP 


GROUP BY SUBSTR(HIREDATE, 8)


SELECT SUBSTR(HIREDATE, 8) AS "입사일", JOB 
    SUM(CASE WHEN JOB = 'CLERK' THEN 1 ELSE 0 END) AS CLERK, 
 --    SUM(CASE WHEN JOB = 'SALESMAN' THEN 1 ELSE 0 END) AS SALESMAN, 
	-- SUM(CASE WHEN JOB = 'MANAGER' THEN 1 ELSE 0 END) AS MANAGER, 
	-- SUM(CASE WHEN JOB = 'PRESIDENT' THEN 1 ELSE 0 END) AS PRESIDENT, 
	-- SUM(CASE WHEN JOB = 'ANALYST' THEN 1 ELSE 0 END) AS ANALYST, 
    -- COUNT(JOB) 
FROM EMP 
GROUP BY SUBSTR(HIREDATE, 8);

SELECT SUBSTR(TO_CHAR(HIREDATE, 'YYYY-MM-DD'), 9) AS "입사일", 
    SUM(CASE WHEN JOB = 'CLERK' THEN 1 ELSE 0 END) AS CLERK, 
    SUM(CASE WHEN JOB = 'SALESMAN' THEN 1 ELSE 0 END) AS SALESMAN, 
    SUM(CASE WHEN JOB = 'MANAGER' THEN 1 ELSE 0 END) AS MANAGER, 
    SUM(CASE WHEN JOB = 'PRESIDENT' THEN 1 ELSE 0 END) AS PRESIDENT, 
    SUM(CASE WHEN JOB = 'ANALYST' THEN 1 ELSE 0 END) AS ANALYST, 
    COUNT(JOB) AS TOTAL_JOBS 
FROM EMP 
GROUP BY SUBSTR(TO_CHAR(HIREDATE, 'YYYY-MM-DD'), 9);

SELECT * FROM EMP;

SELECT SUBSTR(TO_CHAR(HIREDATE), 8) AS "입사일", 
    SUM(CASE WHEN JOB = 'CLERK' THEN 1 ELSE 0 END) AS CLERK, 
    SUM(CASE WHEN JOB = 'SALESMAN' THEN 1 ELSE 0 END) AS SALESMAN, 
    SUM(CASE WHEN JOB = 'MANAGER' THEN 1 ELSE 0 END) AS MANAGER, 
    SUM(CASE WHEN JOB = 'PRESIDENT' THEN 1 ELSE 0 END) AS PRESIDENT, 
    SUM(CASE WHEN JOB = 'ANALYST' THEN 1 ELSE 0 END) AS ANALYST, 
    COUNT(JOB) AS TOTAL_JOBS 
FROM EMP 
GROUP BY SUBSTR(TO_CHAR(HIREDATE), 8);

SELECT SUBSTR(HIREDATE, 8) AS "입사일", 
    SUM(CASE WHEN JOB = 'CLERK' THEN 1 ELSE 0 END) AS CLERK, 
    SUM(CASE WHEN JOB = 'SALESMAN' THEN 1 ELSE 0 END) AS SALESMAN, 
	SUM(CASE WHEN JOB = 'MANAGER' THEN 1 ELSE 0 END) AS MANAGER, 
	SUM(CASE WHEN JOB = 'PRESIDENT' THEN 1 ELSE 0 END) AS PRESIDENT, 
	SUM(CASE WHEN JOB = 'ANALYST' THEN 1 ELSE 0 END) AS ANALYST, 
    COUNT(JOB) AS "총인원" 
FROM EMP 
GROUP BY SUBSTR(HIREDATE, 8);

SELECT ENAME 
FROM EMP 
WHERE SUBSTR(HIREDATE, 8) < 81;

SELECT ENAME, SAL*4*12 AS "연봉" 
FROM EMP 
WHERE SAL*4*12 BETWEEN 12000 AND 45000;

SELECT ENAME, SAL*4*12 AS "연봉" 
FROM EMP;

SELECT ENAME, SAL*12 AS "연봉" 
FROM EMP;

SELECT * FROM EMP 
 
 
-- [문제 1] 
SELECT SUBSTR(ENAME, 1, 2) || LPAD('*', LENGTH(SUBSTR(ENAME, 3)), '*') AS RESULT 
FROM EMP;

SELECT  
    CASE 
    	WHEN SUBSTR(HIREDATE, 1, 2) < 16 THEN  
    	WHEN SUBSTR(HIREDATE, 1, 2) > 16 THEN 
    END AS RESULT 
FROM EMP;

SELECT  
    CASE 
        WHEN TO_NUMBER(TO_CHAR(HIREDATE, 'DD')) < 16 THEN 
            TO_CHAR(TRUNC(HIREDATE, 'MM'), 'YYYY-MM-DD') 
        WHEN TO_NUMBER(TO_CHAR(HIREDATE, 'DD')) >= 16 THEN 
            TO_CHAR(ADD_MONTHS(TRUNC(HIREDATE, 'MM'), 1), 'YYYY-MM-DD') 
    END AS RESULT 
FROM EMP;

SELECT COMM, NVL(TO_CHAR(COMM), '대기발령') AS COMMISSION 
FROM EMP;

SELECT SUBSTR(HIREDATE, 8) AS "입사일", 
    SUM(CASE WHEN JOB = 'CLERK' THEN 1 ELSE 0 END) AS CLERK, 
    SUM(CASE WHEN JOB = 'SALESMAN' THEN 1 ELSE 0 END) AS SALESMAN, 
	SUM(CASE WHEN JOB = 'MANAGER' THEN 1 ELSE 0 END) AS MANAGER, 
	SUM(CASE WHEN JOB = 'PRESIDENT' THEN 1 ELSE 0 END) AS PRESIDENT, 
	SUM(CASE WHEN JOB = 'ANALYST' THEN 1 ELSE 0 END) AS ANALYST, 
    COUNT(JOB) AS "총인원" 
FROM EMP 
GROUP BY SUBSTR(HIREDATE, 8) 
 
 
 
-- [문제 5] 
SELECT ENAME 
FROM EMP 
WHERE SUBSTR(HIREDATE, 8) < 81 
 
 
 
-- [문제 6] 
SELECT ENAME, SAL*12 AS "연봉" 
FROM EMP 
WHERE SAL*4*12 BETWEEN 12000 AND 45000 
 
 
 
 
 
 
 
 
;

SELECT * FROM EMP 
;

SELECT ENAME, SAL*12 + NVL(COMM, 0) AS "연봉" 
FROM EMP 
WHERE SAL*4*12 BETWEEN 12000 AND 45000;

SELECT ENAME, SAL*12 + NVL(COMM, 0) AS "연봉" 
FROM EMP 
WHERE SAL*12 + NVL(COMM, 0) BETWEEN 12000 AND 45000;

SELECT ENAME 
FROM EMP 
WHERE SUBSTR(ENAME, 1, 1) IN ('H', 'I', 'J', 'K', 'L', 'M', 'N', 'O', 'P', 'Q', 'R', 'S', 'T', 'U');

SELECT ENAME 
FROM EMP 
WHERE SUBSTR(ENAME, 2, 1) LIKE 'A';

SELECT SUBSTR(ENAME, 1, 1) || LPAD('*', LENGTH(ENAME) - 3, '*')  
    || SUBSTR(ENAME, 1 + LENGTH(ENAME) - 3, 2) 
    AS RESULT 
FROM EMP;

SELECT SUBSTR(ENAME, 1, 1) || LPAD('*', LENGTH(ENAME) - 3, '*')  
    || SUBSTR(ENAME, LENGTH(ENAME) - 2, 2) 
    AS RESULT 
FROM EMP;

SELECT SUBSTR(ENAME, 1, 1) || LPAD('*', LENGTH(ENAME) - 3, '*')  
    || SUBSTR(ENAME, LENGTH(ENAME) - 1, 2) 
    AS RESULT 
FROM EMP;

SELECT ENAME,  
	CASE RESLUT 
		WHEN COMM > SAL THEN RESULT = 'GOOD' 
    	ELSE RESULT = 'BAD' 
	END AS RESULT 
FROM EMP;

ELECT ENAME,  


	CASE RESLUT 


		WHEN COMM > SAL THEN 'GOOD' 


    	ELSE 'BAD' 


	END AS RESULT 


FROM EMP;


SELECT ENAME,  
	CASE RESLUT 
		WHEN COMM > SAL THEN 'GOOD' 
    	ELSE 'BAD' 
	END AS RESULT 
FROM EMP;

SELECT ENAME,  
	CASE  
		WHEN COMM > SAL THEN "GOOD" 
    	ELSE "BAD" 
	END AS RESULT 
FROM EMP;

SELECT ENAME,  
	CASE  
		WHEN COMM > SAL THEN 'GOOD' 
    	ELSE 'BAD' 
	END AS RESULT 
FROM EMP;

SELECT SUBSTR(ENAME, 1, 2) || LPAD('*', LENGTH(SUBSTR(ENAME, 3)), '*') AS RESULT 
FROM EMP;

SELECT * FROM EMP 
;

SELECT  
    CASE 
    	WHEN SUBSTR(HIREDATE, 1, 2) < 16 THEN ADD_MONTHS(HIREDATE, 1) 
    	-- WHEN SUBSTR(HIREDATE, 1, 2) > 16 THEN 
    END AS RESULT 
FROM EMP;

SELECT HIREDATE, 
    CASE 
    	WHEN SUBSTR(HIREDATE, 1, 2) < 16 THEN ADD_MONTHS(HIREDATE, 1) 
    	-- WHEN SUBSTR(HIREDATE, 1, 2) > 16 THEN 
    END AS RESULT 
FROM EMP;

SELECT HIREDATE, 
    CASE 
    	WHEN SUBSTR(HIREDATE, 1, 2) < 16 THEN LATDAY(HIREDATE) 
    	-- WHEN SUBSTR(HIREDATE, 1, 2) > 16 THEN ADD_MONTHS(HIREDATE, 1) 
    END AS RESULT 
FROM EMP;

SELECT HIREDATE, 
    CASE 
    	WHEN SUBSTR(HIREDATE, 1, 2) < 16 THEN LASTDAY(HIREDATE) 
    	-- WHEN SUBSTR(HIREDATE, 1, 2) > 16 THEN ADD_MONTHS(HIREDATE, 1) 
    END AS RESULT 
FROM EMP;

SELECT HIREDATE, 
    CASE 
    	WHEN SUBSTR(HIREDATE, 1, 2) < 16 THEN ROUND(HIREDATE, 'MONTH') 
    	-- WHEN SUBSTR(HIREDATE, 1, 2) > 16 THEN ADD_MONTHS(HIREDATE, 1) 
    END AS RESULT 
FROM EMP;

SELECT HIREDATE, 
    CASE 
    	WHEN SUBSTR(HIREDATE, 1, 2) < 16 THEN ROUND(HIREDATE, 'MONTH') 
    	WHEN SUBSTR(HIREDATE, 1, 2) > 16 THEN TRUNC(ADD_MONTHS(HIREDATE, 2), MONTH) 
    END AS RESULT 
FROM EMP;

SELECT HIREDATE, 
    CASE 
    	WHEN SUBSTR(HIREDATE, 1, 2) < 16 THEN ROUND(HIREDATE, 'MONTH') 
    	WHEN SUBSTR(HIREDATE, 1, 2) > 16 THEN TRUNC(ADD_MONTHS(HIREDATE, 2), 'MONTH') 
    END AS RESULT 
FROM EMP;

